Workbook

Sheet Dataset
A1: BU | B1: DISTRIBUTION_CHANNEL | C1: PERIOD | D1: ACCOUNT_ID | E1: ACCOUNT | F1: CY(Override) | G1: CY(Existing) | H1: Granularity | I1: Status | J1: Jira | K1: Comments
A2: Hong Kong | B2: Agency | C2: 46173 | D2: AG0002 | E2: Submitted APE | F2: 91269333 | H2: Monthly | I2: Completed
A3: Hong Kong | B3: Agency | C3: 46173 | D3: AG0016 | E3: # of 1-Month Active Agents | F3: 4376 | H3: Monthly | I3: Completed
A4: Hong Kong | B4: Agency | C4: 46173 | D4: AG0016_1 | E4: # of 1-Month Active Agents in 0-1M | F4: 45 | H4: Monthly | I4: Completed
A5: Hong Kong | B5: Agency | C5: 46173 | D5: AG0016_10 | E5: # of 1-Month Active Agents in UM | F5: 634 | H5: Monthly | I5: Completed
A6: Hong Kong | B6: Agency | C6: 46173 | D6: AG0016_11 | E6: # of 1-Month Active Agents in Leaders above UM | F6: 696 | H6: Monthly | I6: Completed
A7: Hong Kong | B7: Agency | C7: 46173 | D7: AG0016_12 | E7: # of 1-Month Active Top-tier Agents | F7: 2846 | H7: Monthly | I7: Completed
A8: Hong Kong | B8: Agency | C8: 46173 | D8: AG0016_12_1 | E8: # of 1-Month Active Agents in pro-rated MDRT agents (>100% of pro-rated achievement) | F8: 1806 | H8: Monthly | I8: Completed
A9: Hong Kong | B9: Agency | C9: 46173 | D9: AG0016_12_2 | E9: # of 1-Month Active Agents in pro-rated MDRT agents (70-99% of pro-rated achievement) | F9: 552 | H9: Monthly | I9: Completed
A10: Hong Kong | B10: Agency | C10: 46173 | D10: AG0016_12_3 | E10: # of 1-Month Active Agents in pro-rated MDRT agents (50-69% of pro-rated achievement) | F10: 488 | H10: Monthly | I10: Completed
A11: Hong Kong | B11: Agency | C11: 46173 | D11: AG0016_2 | E11: # of 1-Month Active Agents in 2-3M | F11: 156 | H11: Monthly | I11: Completed
A12: Hong Kong | B12: Agency | C12: 46173 | D12: AG0016_3 | E12: # of 1-Month Active Agents in 4-12M | F12: 589 | H12: Monthly | I12: Completed
A13: Hong Kong | B13: Agency | C13: 46173 | D13: AG0016_4 | E13: # of 1-Month Active Agents 13+M | F13: 3586 | H13: Monthly | I13: Completed
... A142: Vietnam | B142: Agency | C142: 46173 | D142: AG0062_6 | E142: # of pro-rated MDRT agents (70-99%) | F142: 179 | H142: Monthly | I142: Completed
A143: Philippines | B143: Agency | C143: 2026-06-30 | D143: =VLOOKUP(E143,KPI_Mapping!B:G,6,FALSE) -> AG0029 | E143: Total agent headcount (end of period) | F143: 6237 | H143: monthly | I143: Completed
A144: Philippines | B144: Agency | C144: 2026-06-30 | D144: =VLOOKUP(E144,KPI_Mapping!B:G,6,FALSE) -> AG0016 | E144: # of 1-Month Active Agents | F144: 1438 | H144: monthly | I144: Completed
A145: Philippines | B145: Agency | C145: 2026-06-30 | D145: =VLOOKUP(E145,KPI_Mapping!B:G,6,FALSE) -> AG0020 | E145: Net Case Count - Agency | F145: 2025 | H145: monthly | I145: Completed
A146: Philippines | B146: Agency | C146: 2026-06-30 | D146: =VLOOKUP(E146,KPI_Mapping!B:G,6,FALSE) -> AG0061 | E146: New Leaders 3M Activation Rate (by cohort) | F146: 1 | H146: monthly | I146: Completed
A147: Philippines | B147: Agency | C147: 2026-06-30 | D147: =VLOOKUP(E147,KPI_Mapping!B:G,6,FALSE) -> AG0061_1 | E147: New Leaders 3M Activation Rate (by cohort) (numerator) | F147: 2 | H147: monthly | I147: Completed
A148: Philippines | B148: Agency | C148: 2026-06-30 | D148: =VLOOKUP(E148,KPI_Mapping!B:G,6,FALSE) -> AG0061_2 | E148: New Leaders 3M Activation Rate (by cohort) (denominator) | F148: 2 | H148: monthly | I148: Completed
A149: Philippines | B149: Agency | C149: 2026-06-30 | D149: =VLOOKUP(E149,KPI_Mapping!B:G,6,FALSE) -> AG0072_1 | E149: # of Newly Demoted UM | F149: 8 | H149: monthly | I149: Completed
A150: Philippines | B150: Agency | C150: 2026-06-30 | D150: =VLOOKUP(E150,KPI_Mapping!B:G,6,FALSE) -> AG0072_2 | E150: # of Newly Demoted Leaders above UM | F150: 2 | H150: monthly | I150: Completed
A151: Philippines | B151: Agency | C151: 2026-06-30 | D151: =VLOOKUP(E151,KPI_Mapping!B:G,6,FALSE) -> AG0046 | E151: No of Terminations | F151: 1461 | H151: monthly | I151: Completed
A152: Philippines | B152: Agency | C152: 2026-06-30 | D152: =VLOOKUP(E152,KPI_Mapping!B:G,6,FALSE) -> AG0055 | E152: # of Active Recruiting Leaders | F152: 99 | H152: monthly | I152: Completed
A153: Philippines | B153: Agency | C153: 2026-06-30 | D153: =VLOOKUP(E153,KPI_Mapping!B:G,6,FALSE) -> AG0055_1 | E153: # of leaders with >1 YTD recruit | F153: 396 | H153: monthly | I153: Completed
A154: Philippines | B154: Agency | C154: 2026-06-30 | D154: =VLOOKUP(E154,KPI_Mapping!B:G,6,FALSE) -> AG0060 | E154: # of Newly Promoted UM | F154: 1 | H154: monthly | I154: Completed
... A177: Hong Kong | B177: Agency | C177: 2026-07-02 | D177: =VLOOKUP(E177,KPI_Mapping!B:G,6,FALSE) -> AG0055 | E177: # of Active Recruiting Leaders | F177: 69 | H177: daily | I177: Completed
A178: China | B178: Agency | C178: 46142 | D178: =VLOOKUP(E178,KPI_Mapping!B:G,6,FALSE) -> AG0043 | E178: New Recruits 3M Activation # | F178: 124 | H178: monthly | I178: Completed | J178: DK-1680
A179: China | B179: Agency | C179: 46173 | D179: =VLOOKUP(E179,KPI_Mapping!B:G,6,FALSE) -> AG0043 | E179: New Recruits 3M Activation # | F179: 101 | H179: monthly | I179: Completed | J179: DK-1680
A180: Cambodia | B180: Agency | C180: 46053 | D180: =VLOOKUP(E180,KPI_Mapping!D:G,4,FALSE) -> AG0051 | E180: Total # of Leaders (end of period) | F180: 124 | H180: monthly | I180: Completed | J180: DK-1636
A181: Cambodia | B181: Agency | C181: 46081 | D181: =VLOOKUP(E181,KPI_Mapping!D:G,4,FALSE) -> AG0051 | E181: Total # of Leaders (end of period) | F181: 126 | H181: monthly | I181: Completed | J181: DK-1636
A182: Cambodia | B182: Agency | C182: 46173 | D182: AG0016 | E182: # of 1-Month Active Agents | F182: 52 | H182: Monthly | I182: Completed | J182: DK-1516
A183: Cambodia | B183: Agency | C183: 46142 | D183: AG0016 | E183: # of 1-Month Active Agents | F183: 50 | H183: Monthly | I183: Completed | J183: DK-1516
A184: Cambodia | B184: Agency | C184: 46112 | D184: AG0016 | E184: # of 1-Month Active Agents | F184: 102 | H184: Monthly | I184: Completed | J184: DK-1516
A185: Cambodia | B185: Agency | C185: 46081 | D185: AG0016 | E185: # of 1-Month Active Agents | F185: 67 | H185: Monthly | I185: Completed | J185: DK-1516
A186: Cambodia | B186: Agency | C186: 46053 | D186: AG0016 | E186: # of 1-Month Active Agents | F186: 55 | H186: Monthly | I186: Completed | J186: DK-1516
A187: China | B187: Agency | C187: 46053 | D187: AG0060 | E187: # of Newly Promoted UM | F187: 19 | H187: Monthly | J187: DK-1714
A188: China | B188: Agency | C188: 46081 | D188: AG0060 | E188: # of Newly Promoted UM | F188: 18 | H188: Monthly | J188: DK-1714
A189: China | B189: Agency | C189: 46112 | D189: AG0060 | E189: # of Newly Promoted UM | F189: 13 | H189: Monthly | J189: DK-1714
A190: China | B190: Agency | C190: 46142 | D190: AG0060 | E190: # of Newly Promoted UM | F190: 37 | H190: Monthly | J190: DK-1714
A191: China | B191: Agency | C191: 46173 | D191: AG0060 | E191: # of Newly Promoted UM | F191: 7 | H191: Monthly | J191: DK-1714
A192: China | B192: Agency | C192: 2026-06-30 | D192: AG0060 | E192: # of Newly Promoted UM | F192: 13 | H192: Monthly | J192: DK-1714
A193: China | B193: Agency | C193: 46053 | D193: AG0060_1 | E193: # of Newly Promoted Leaders above UM | F193: 7 | H193: Monthly | J193: DK-1714
A194: China | B194: Agency | C194: 46081 | D194: AG0060_1 | E194: # of Newly Promoted Leaders above UM | F194: 0 | H194: Monthly | J194: DK-1714
A195: China | B195: Agency | C195: 46112 | D195: AG0060_1 | E195: # of Newly Promoted Leaders above UM | F195: 0 | H195: Monthly | J195: DK-1714
A196: China | B196: Agency | C196: 46142 | D196: AG0060_1 | E196: # of Newly Promoted Leaders above UM | F196: 0 | H196: Monthly | J196: DK-1714
A197: China | B197: Agency | C197: 46173 | D197: AG0060_1 | E197: # of Newly Promoted Leaders above UM | F197: 0 | H197: Monthly | J197: DK-1714
A198: China | B198: Agency | C198: 2026-06-30 | D198: AG0060_1 | E198: # of Newly Promoted Leaders above UM | F198: 0 | H198: Monthly | J198: DK-1714
A199: Japan | B199: Agency | C199: 46053 | D199: AG0060 | E199: # of Newly Promoted UM | F199: 5 | H199: Monthly | J199: DK-1640
A200: Japan | B200: Agency | C200: 46081 | D200: AG0060 | E200: # of Newly Promoted UM | F200: 0 | H200: Monthly | J200: DK-1640
A201: Japan | B201: Agency | C201: 46112 | D201: AG0060 | E201: # of Newly Promoted UM | F201: 3 | H201: Monthly | J201: DK-1640
A202: Japan | B202: Agency | C202: 46142 | D202: AG0060 | E202: # of Newly Promoted UM | F202: 5 | H202: Monthly | J202: DK-1640
A203: Japan | B203: Agency | C203: 46173 | D203: AG0060 | E203: # of Newly Promoted UM | F203: 4 | H203: Monthly | J203: DK-1640
A204: Japan | B204: Agency | C204: 2026-06-30 | D204: AG0060 | E204: # of Newly Promoted UM | F204: 3 | H204: Monthly | J204: DK-1640
A205: Japan | B205: Agency | C205: 46053 | D205: AG0060_1 | E205: # of Newly Promoted Leaders above UM | F205: 0 | H205: Monthly | J205: DK-1640
A206: Japan | B206: Agency | C206: 46081 | D206: AG0060_1 | E206: # of Newly Promoted Leaders above UM | F206: 0 | H206: Monthly | J206: DK-1640
A207: Japan | B207: Agency | C207: 46112 | D207: AG0060_1 | E207: # of Newly Promoted Leaders above UM | F207: 1 | H207: Monthly | J207: DK-1640
A208: Japan | B208: Agency | C208: 46142 | D208: AG0060_1 | E208: # of Newly Promoted Leaders above UM | F208: 0 | H208: Monthly | J208: DK-1640
A209: Japan | B209: Agency | C209: 46173 | D209: AG0060_1 | E209: # of Newly Promoted Leaders above UM | F209: 0 | H209: Monthly | J209: DK-1640
A210: Japan | B210: Agency | C210: 2026-06-30 | D210: AG0060_1 | E210: # of Newly Promoted Leaders above UM | F210: 0 | H210: Monthly | J210: DK-1640
A211: China | B211: Agency | C211: 2026-06-30 | D211: =VLOOKUP(E211,KPI_Mapping!B:G,6,FALSE) -> AG0043 | E211: New Recruits 3M Activation # | F211: 218 | H211: Monthly | I211: Completed | J211: DK-1680
A212: China | B212: Agency | C212: 46142 | D212: AG0038 | E212: New recruits | F212: 301 | H212: Monthly | I212: Completed | J212: DK-1680
A213: China | B213: Agency | C213: 2026-06-30 | D213: AG0046 | E213: No of Terminations | F213: 82 | H213: Monthly | I213: Completed | J213: DK-1676
A214: Hong Kong | B214: Agency | C214: 2026-06-30 | D214: AG0062_7 | E214: # of pro-rated MDRT agents (50-69%) | F214: 823 | H214: monthly | I214: Completed | J214: DK-1611
A215: Hong Kong | B215: Agency | C215: 2026-06-30 | D215: AG0062_6 | E215: # of pro-rated MDRT agents (70-99%) | F215: 944 | H215: monthly | I215: Completed | J215: DK-1611
A216: Hong Kong | B216: Agency | C216: 46081 | D216: AG0038 | E216: New recruits | F216: 212 | G216: 209 | H216: monthly | I216: Completed | J216: DK-1549
A217: Hong Kong | B217: Agency | C217: 46173 | D217: =VLOOKUP(E217,KPI_Mapping!B:G,6,FALSE) -> AG0043 | E217: New Recruits 3M Activation # | F217: 148 | H217: monthly | I217: Completed | J217: DK-1549
A218: Cambodia | B218: Agency | C218: 46053 | D218: =VLOOKUP(E218,KPI_Mapping!B:G,6,FALSE) -> AG0020 | E218: Net Case Count - Agency | F218: 101 | H218: monthly | I218: Completed
A219: Cambodia | B219: Agency | C219: 46081 | D219: =VLOOKUP(E219,KPI_Mapping!B:G,6,FALSE) -> AG0020 | E219: Net Case Count - Agency | F219: 130 | H219: monthly | I219: Completed
A220: Cambodia | B220: Agency | C220: 46112 | D220: =VLOOKUP(E220,KPI_Mapping!B:G,6,FALSE) -> AG0020 | E220: Net Case Count - Agency | F220: 216 | H220: monthly | I220: Completed
A221: Cambodia | B221: Agency | C221: 46173 | D221: =VLOOKUP(E221,KPI_Mapping!B:G,6,FALSE) -> AG0020 | E221: Net Case Count - Agency | F221: 71 | H221: monthly | I221: Completed
A222: Hong Kong | B222: Agency | C222: 2026-06-30 | D222: =VLOOKUP(E222,KPI_Mapping!B:G,6,FALSE) -> AG0020 | E222: Net Case Count - Agency | F222: 7013 | G222: 8568 | H222: monthly | I222: Completed | J222: DK-1553
A223: China | B223: Agency | C223: 46053 | D223: =VLOOKUP(E223,KPI_Mapping!B:G,6,FALSE) -> AG0020 | E223: Net Case Count - Agency | F223: 14472 | H223: monthly | I223: Not Required | J223: DK-1634
A224: China | B224: Agency | C224: 46081 | D224: =VLOOKUP(E224,KPI_Mapping!B:G,6,FALSE) -> AG0020 | E224: Net Case Count - Agency | F224: 2913 | H224: monthly | I224: Not Required | J224: DK-1634
A225: China | B225: Agency | C225: 46112 | D225: =VLOOKUP(E225,KPI_Mapping!B:G,6,FALSE) -> AG0020 | E225: Net Case Count - Agency | F225: 4976 | H225: monthly | I225: Not Required | J225: DK-1634
A226: China | B226: Agency | C226: 46142 | D226: =VLOOKUP(E226,KPI_Mapping!B:G,6,FALSE) -> AG0020 | E226: Net Case Count - Agency | F226: 4273 | G226: 7826 | H226: monthly | I226: Completed | J226: DK-1634
A227: China | B227: Agency | C227: 46173 | D227: =VLOOKUP(E227,KPI_Mapping!B:G,6,FALSE) -> AG0020 | E227: Net Case Count - Agency | F227: 3717 | G227: 7438 | H227: monthly | I227: Completed | J227: DK-1634
A228: China | B228: Agency | C228: 2026-06-30 | D228: =VLOOKUP(E228,KPI_Mapping!B:G,6,FALSE) -> AG0020 | E228: Net Case Count - Agency | F228: 7004 | G228: 10512 | H228: monthly | I228: Completed | J228: DK-1634
A229: Philippines | B229: Agency | C229: 46053 | D229: =VLOOKUP(E229,KPI_Mapping!B:G,6,FALSE) -> AG0020 | E229: Net Case Count - Agency | F229: 2988 | G229: 2012 | H229: monthly | I229: Completed | J229: DK-1553
A230: Philippines | B230: Agency | C230: 46081 | D230: =VLOOKUP(E230,KPI_Mapping!B:G,6,FALSE) -> AG0020 | E230: Net Case Count - Agency | F230: 3627 | G230: 2037 | H230: monthly | I230: Completed | J230: DK-1553
A231: Philippines | B231: Agency | C231: 46112 | D231: =VLOOKUP(E231,KPI_Mapping!B:G,6,FALSE) -> AG0020 | E231: Net Case Count - Agency | F231: 2411.5 | G231: 2127 | H231: monthly | I231: Completed | J231: DK-1553
A232: Philippines | B232: Agency | C232: 46142 | D232: =VLOOKUP(E232,KPI_Mapping!B:G,6,FALSE) -> AG0020 | E232: Net Case Count - Agency | F232: 2294 | G232: 880 | H232: monthly | I232: Completed | J232: DK-1553
A233: Philippines | B233: Agency | C233: 46173 | D233: =VLOOKUP(E233,KPI_Mapping!B:G,6,FALSE) -> AG0020 | E233: Net Case Count - Agency | F233: 4183 | G233: 1768 | H233: monthly | I233: Completed | J233: DK-1553
A234: Philippines | B234: Agency | C234: 2026-06-30 | D234: =VLOOKUP(E234,KPI_Mapping!B:G,6,FALSE) -> AG0020 | E234: Net Case Count - Agency | F234: 3275 | G234: 2025 | H234: monthly | I234: Completed | J234: DK-1553
A235: Hong Kong | B235: Agency | C235: 46081 | D235: AG0060 | E235: # of Newly Promoted UM | F235: 22 | G235: 23 | H235: monthly | I235: Completed | J235: DK-1674
A236: Hong Kong | B236: Agency | C236: 2026-06-30 | D236: AG0060 | E236: # of Newly Promoted UM | F236: 26 | G236: 17 | H236: monthly | I236: Completed | J236: DK-1674
A237: Hong Kong | B237: Agency | C237: 46053 | D237: AG0060_1 | E237: # of Newly Promoted Leaders above UM | F237: 30 | G237: 29 | H237: monthly | I237: Completed | J237: DK-1674
A238: Hong Kong | B238: Agency | C238: 46081 | D238: AG0060_1 | E238: # of Newly Promoted Leaders above UM | F238: 25 | G238: 0 | H238: monthly | I238: Completed | J238: DK-1674
A239: Hong Kong | B239: Agency | C239: 46112 | D239: AG0060_1 | E239: # of Newly Promoted Leaders above UM | F239: 55 | G239: 3 | H239: monthly | I239: Completed | J239: DK-1674
A240: Hong Kong | B240: Agency | C240: 46142 | D240: AG0060_1 | E240: # of Newly Promoted Leaders above UM | F240: 30 | G240: 17 | H240: monthly | I240: Completed | J240: DK-1674
A241: Hong Kong | B241: Agency | C241: 46173 | D241: AG0060_1 | E241: # of Newly Promoted Leaders above UM | F241: 25 | G241: 6 | H241: monthly | I241: Completed | J241: DK-1674
A242: Hong Kong | B242: Agency | C242: 2026-06-30 | D242: AG0060_1 | E242: # of Newly Promoted Leaders above UM | F242: 30 | G242: 9 | H242: monthly | I242: Completed | J242: DK-1674
A243: Vietnam | B243: Agency | C243: 46053 | D243: AG0060 | E243: # of Newly Promoted UM | F243: 44 | G243: 43 | H243: monthly | I243: Completed | J243: DK-1674
A244: Vietnam | B244: Agency | C244: 46081 | D244: AG0060 | E244: # of Newly Promoted UM | F244: 67 | G244: 22 | H244: monthly | I244: Completed | J244: DK-1674
A245: Vietnam | B245: Agency | C245: 46112 | D245: AG0060 | E245: # of Newly Promoted UM | F245: 84 | G245: 9 | H245: monthly | I245: Completed | J245: DK-1674
A246: Vietnam | B246: Agency | C246: 46142 | D246: AG0060 | E246: # of Newly Promoted UM | F246: 121 | G246: 34 | H246: monthly | I246: Completed | J246: DK-1674
A247: Vietnam | B247: Agency | C247: 46173 | D247: AG0060 | E247: # of Newly Promoted UM | F247: 157 | G247: 33 | H247: monthly | I247: Completed | J247: DK-1674
A248: Vietnam | B248: Agency | C248: 2026-06-30 | D248: AG0060 | E248: # of Newly Promoted UM | F248: 205 | G248: 41 | H248: monthly | I248: Completed | J248: DK-1674
A249: Vietnam | B249: Agency | C249: 46053 | D249: AG0060_1 | E249: # of Newly Promoted Leaders above UM | F249: 1 | G249: 7 | H249: monthly | I249: Completed | J249: DK-1674
A250: Vietnam | B250: Agency | C250: 46081 | D250: AG0060_1 | E250: # of Newly Promoted Leaders above UM | F250: 2 | G250: 4 | H250: monthly | I250: Completed | J250: DK-1674
...

Sheet Sheet2
L18: Jan | M18: Feb | N18: Mar | O18: Apr | P18: May | Q18: Jun
L19: Actuals | M19: Actuals | N19: Actuals | O19: Actuals | P19: Actuals | Q19: Actuals | V19: Jan | W19: Feb | X19: Mar | Y19: Apr | Z19: May | AA19: Jun
I20: HK | J20: Promoted UM | K20: Cheatsheet | L20: 33 | M20: 22 | N20: 10 | O20: 27 | P20: 17 | Q20: 26 | U20: Denominator | V20: 187 | W20: 239 | X20: 251 | Y20: 233 | Z20: 146 | AA20: 302
K21: PBI | L21: 33 | M21: 23 | N21: 10 | O21: 27 | P21: 17 | Q21: 17 | U21: Ratio | V21: 0.58 | W21: 0.57670127 | X21: 0.54 | Y21: 0.53 | Z21: 0.69 | AA21: 0.72
V22: =V20*V21 -> 108.46 | W22: =W20*W21 -> 137.8316 | X22: =X20*X21 -> 135.54 | Y22: =Y20*Y21 -> 123.49 | Z22: =Z20*Z21 -> 100.74 | AA22: =AA20*AA21 -> 217.44
J23: Promoted above UM | K23: Cheatsheet | L23: 30 | M23: 25 | N23: 55 | O23: 30 | P23: 25 | Q23: 30
K24: PBI | L24: 29 | M24: 0 | N24: 3 | O24: 17 | P24: 6 | Q24: 9
I26: VN | J26: Promoted UM | K26: Cheatsheet | L26: 44 | M26: 67 | N26: 84 | O26: 121 | P26: 157 | Q26: 205
K27: PBI | L27: 43 | M27: 22 | N27: 9 | O27: 34 | P27: 33 | Q27: 41
J29: Promoted above UM | K29: Cheatsheet | L29: 1 | M29: 2 | N29: 4 | O29: 6 | P29: 8 | Q29: 10
K30: PBI | L30: 7 | M30: 4 | N30: 4 | O30: 13 | P30: 10 | Q30: 8
I34: MY | J34: Promoted UM | K34: Cheatsheet | L34: 6 | M34: 6 | N34: 9 | O34: 9 | P34: 10 | Q34: 11
K35: PBI | L35: 6 | M35: 0 | N35: 3 | O35: 2 | P35: 2 | Q35: 1
J37: Promoted above UM | K37: Cheatsheet | L37: 0 | M37: 0 | N37: 0 | O37: 0 | P37: 1 | Q37: 1
K38: PBI | L38: Hourglass | M38: Hourglass | N38: 0 | O38: 0 | P38: 1 | Q38: 0
W40: Jan | X40: Feb | Y40: Mar | Z40: Apr | AA40: May | AB40: Jun
I41: ID | J41: Promoted UM | K41: Local POC | L41: 53 | M41: 12 | N41: 9 | O41: 11 | P41: 13 | Q41: 25 | U41: Promoted UM | V41: Branch | W41: 19 | X41: 2 | Y41: 2 | Z41: 4 | AA41: 3 | AB41: 8
K42: PBI | L42: 53 | M42: 12 | N42: 9 | O42: 12 | P42: 14 | Q42: 25 | V42: GA | W42: 34 | X42: 10 | Y42: 7 | Z42: 7 | AA42: 10 | AB42: 17
V43: Sum | W43: =SUM(W41:W42) -> 53 | X43: =SUM(X41:X42) -> 12 | Y43: =SUM(Y41:Y42) -> 9 | Z43: =SUM(Z41:Z42) -> 11 | AA43: =SUM(AA41:AA42) -> 13 | AB43: =SUM(AB41:AB42) -> 25
J44: Promoted above UM | K44: Local POC | L44: 15 | M44: 3 | N44: 5 | O44: 1 | P44: 4 | Q44: 6
K45: PBI | L45: 16 | M45: 3 | N45: 5 | O45: 1 | P45: 4 | Q45: 7 | U45: Promoted above UM | V45: Branch | W45: 7 | X45: 0 | Y45: 0 | Z45: 0 | AA45: 3 | AB45: 2
V46: GA | W46: 8 | X46: 3 | Y46: 5 | Z46: 1 | AA46: 1 | AB46: 4
J47: Leader Promotions | K47: Local POC | L47: =L41+L44 -> 68 | M47: =M41+M44 -> 15 | N47: =N41+N44 -> 14 | O47: =O41+O44 -> 12 | P47: =P41+P44 -> 17 | Q47: =Q41+Q44 -> 31 | V47: sum | W47: =SUM(W45:W46) -> 15 | X47: =SUM(X45:X46) -> 3 | Y47: =SUM(Y45:Y46) -> 5 | Z47: =SUM(Z45:Z46) -> 1 | AA47: =SUM(AA45:AA46) -> 4 | AB47: =SUM(AB45:AB46) -> 6
K48: PBI | L48: =L42+L45 -> 69 | M48: =M42+M45 -> 15 | N48: =N42+N45 -> 14 | O48: =O42+O45 -> 13 | P48: =P42+P45 -> 18 | Q48: =Q42+Q45 -> 32
H50: SG: EDL
K51: 46048 | L51: 46079 | M51: 46107 | N51: 46138 | O51: 46168 | P51: 46199 | Q51: 46229
I52: MAG | J52: No. of Newly Promoted Unit Manager | K52: 2 | L52: 1 | M52: 0 | N52: 1 | O52: 0 | P52: 2 | Q52: 0
I53: MFA | J53: No. of Newly Promoted Unit Manager | K53: 7 | L53: 1 | M53: 0 | N53: 0 | O53: 2 | P53: 1 | Q53: 3
I55: MAG | J55: Promoted above UM | K55: 1 | L55: 0 | M55: 0 | N55: 0 | O55: 0 | P55: 0 | Q55: 0 | U55: Branch | V55: 46048 | W55: 46079 | X55: 46107 | Y55: 46138 | Z55: 46168 | AA55: 46199
I56: MFA | J56: Promoted above UM | K56: 1 | L56: 0 | M56: 0 | N56: 0 | O56: 0 | P56: 1 | Q56: 0 | U56: # of Newly Promoted UM | V56: 19 | W56: 2 | X56: 2 | Y56: 4 | Z56: 3 | AA56: 8
K57: =SUM(K52:K56) -> 11 | L57: =SUM(L52:L56) -> 2 | M57: =SUM(M52:M56) -> 0 | N57: =SUM(N52:N56) -> 1 | O57: =SUM(O52:O56) -> 2 | P57: =SUM(P52:P56) -> 4 | Q57: =SUM(Q52:Q56) -> 3 | U57: # of Newly Promoted Leaders above UM | V57: 7 | W57: 0 | X57: 0 | Y57: 0 | Z57: 3 | AA57: 2
U59: GA | V59: 46048 | W59: 46079 | X59: 46107 | Y59: 46138 | Z59: 46168 | AA59: 46199
U60: # of Newly Promoted UM | V60: 34 | W60: 10 | X60: 7 | Y60: 7 | Z60: 10 | AA60: 17
U61: # of Newly Promoted Leaders above UM | V61: 8 | W61: 3 | X61: 5 | Y61: 1 | Z61: 1 | AA61: 4
U63: # of Newly Promoted UM | V63: =V56+V60 -> 53 | W63: =W56+W60 -> 12 | X63: =X56+X60 -> 9 | Y63: =Y56+Y60 -> 11 | Z63: =Z56+Z60 -> 13 | AA63: =AA56+AA60 -> 25
H64: SG: From Local POC | U64: # of Newly Promoted Leaders above UM | V64: =V57+V61 -> 15 | W64: =W57+W61 -> 3 | X64: =X57+X61 -> 5 | Y64: =Y57+Y61 -> 1 | Z64: =Z57+Z61 -> 4 | AA64: =AA57+AA61 -> 6
K65: 46048 | L65: 46079 | M65: 46107 | N65: 46138 | O65: 46168 | P65: 46199 | U65: Promoted leader: | V65: =V63+V64 -> 68 | W65: =W63+W64 -> 15 | X65: =X63+X64 -> 14 | Y65: =Y63+Y64 -> 12 | Z65: =Z63+Z64 -> 17 | AA65: =AA63+AA64 -> 31
I66: MAG | J66: No. of Newly Promoted Unit Manager | K66: 2 | L66: 1 | M66: 0 | N66: 1 | O66: 0 | P66: 2
I67: MFA | J67: No. of Newly Promoted Unit Manager | K67: 7 | L67: 1 | M67: 0 | N67: 0 | O67: 2 | P67: 1
I69: MAG | J69: Promoted above UM | K69: 1
I70: MFA | J70: Promoted above UM | K70: 1
K71: =SUM(K66:K70) -> 11 | L71: =SUM(L66:L70) -> 2 | M71: =SUM(M66:M70) -> 0 | N71: =SUM(N66:N70) -> 1 | O71: =SUM(O66:O70) -> 2 | P71: =SUM(P66:P70) -> 3
L75: Jan | M75: Feb | N75: Mar | O75: Apr | P75: May | Q75: Jun
I76: MM | J76: Promoted UM | K76: Cheatsheet | L76: 1 | M76: 5 | N76: 1 | O76: 0 | P76: 2 | Q76: 1
K77: PBI | L77: 1 | M77: 5 | N77: 1 | O77: 1 | P77: 2 | Q77: 3
J79: Promoted above UM | K79: Cheatsheet | L79: 2 | M79: 0 | N79: 0 | O79: 0 | P79: 2 | Q79: 0
K80: PBI | L80: 2 | M80: 0 | N80: 6 | O80: 0 | P80: 2 | Q80: 1
J81: SUM(Leader Promotion) | K81: Cheatsheet | L81: =L76+L79 -> 3 | M81: =M76+M79 -> 5 | N81: =N76+N79 -> 1 | O81: =O76+O79 -> 0 | P81: =P76+P79 -> 4 | Q81: =Q76+Q79 -> 1
J82: SUM(Leader Promotion) | K82: PBI | L82: =L77+L80 -> 3 | M82: =M77+M80 -> 5 | N82: =N77+N80 -> 7 | O82: =O77+O80 -> 1 | P82: =P77+P80 -> 4 | Q82: =Q77+Q80 -> 4
L84: Jan | M84: Feb | N84: Mar | O84: Apr | P84: May | Q84: Jun
I85: PH | J85: Promoted UM | K85: Cheatsheet | L85: 2 | M85: 2 | N85: 2 | O85: 4 | P85: 3 | Q85: 1
K86: PBI | L86: 2 | M86: 2 | N86: 2 | O86: 3 | P86: 2 | Q86: 1
J88: Promoted above UM | K88: Cheatsheet | L88: 0 | M88: 1 | N88: 0 | O88: 3 | P88: 3 | Q88: 3
K89: PBI | L89: 0 | M89: 1 | N89: 0 | O89: 2 | P89: 1 | Q89: 0
J90: SUM(Leader Promotion) | K90: Cheatsheet | L90: =L85+L88 -> 2 | M90: =M85+M88 -> 3 | N90: =N85+N88 -> 2 | O90: =O85+O88 -> 7 | P90: =P85+P88 -> 6 | Q90: =Q85+Q88 -> 4
J91: SUM(Leader Promotion) | K91: PBI | L91: =L86+L89 -> 2 | M91: =M86+M89 -> 3 | N91: =N86+N89 -> 2 | O91: =O86+O89 -> 5 | P91: =P86+P89 -> 3 | Q91: =Q86+Q89 -> 1 | X91: =148/212 -> 0.69811321
I94: HK | L94: Jan | M94: Feb | N94: Mar | O94: Apr | P94: May | Q94: Jun
J95: Net Case Count-Agency | K95: Cheatsheet | L95: 7433 | M95: 6233 | N95: 16903 | O95: 8355 | P95: 8658.5 | Q95: 7013
K96: PBI | L96: 7709 | M96: 6373 | N96: 17002 | O96: 8562 | P96: 8274 | Q96: 8568
I98: PH | L98: Jan | M98: Feb | N98: Mar | O98: Apr | P98: May | Q98: Jun
J99: Net Case Count-Agency | K99: Cheatsheet | L99: 2988 | M99: 3627 | N99: 2411.5 | O99: 2294 | P99: 4183 | Q99: 3275
K100: PBI | L100: 2012 | M100: 2037 | N100: 2127 | O100: 880 | P100: 1768 | Q100: 2025
I103: ID | L103: Jan | M103: Feb | N103: Mar | O103: Apr | P103: May | Q103: Jun
J104: Net Case Count-Agency | K104: Cheatsheet | L104: 3786 | M104: 3598 | N104: 4727 | O104: 4143 | P104: 4269 | Q104: 5333
K105: PBI | L105: 3210 | M105: 2953 | N105: 4172 | O105: 3262 | P105: 3595 | Q105: 4712
I108: ID | J108: From Local POC | K108: Cases - Agency | L108: 46048 | M108: 46079 | N108: 46107 | O108: 46138 | P108: 46168 | Q108: 46199
K109: Total Agency | L109: 3786 | M109: 3598 | N109: 4727 | O109: 4143 | P109: 4278 | Q109: 5324
K110: Branch | L110: 1558 | M110: 1299 | N110: 1657 | O110: 1490 | P110: 1544 | Q110: 1867
K111: GA | L111: 2228 | M111: 2299 | N111: 3070 | O111: 2653 | P111: 2734 | Q111: 3457
I114: SG | J114: From Local POC | K114: Cases - Agency | L114: 46048 | M114: 46079 | N114: 46107 | O114: 46138 | P114: 46168 | Q114: 46199
K115: Total Agency | L115: =SUM(L116:L117) -> 2970 | M115: =SUM(M116:M117) -> 3062 | N115: =SUM(N116:N117) -> 3732 | O115: =SUM(O116:O117) -> 3261 | P115: =SUM(P116:P117) -> 3715 | Q115: =SUM(Q116:Q117) -> 4012
K116: MFA | L116: 1884 | M116: 2016 | N116: 2508 | O116: 2156 | P116: 2485 | Q116: 2701
K117: MAG | L117: 1086 | M117: 1046 | N117: 1224 | O117: 1105 | P117: 1230 | Q117: 1311
W118: 2970 | X118: 3062 | Y118: 3732 | Z118: 3261 | AA118: 3715 | AB118: 4012
I119: SG | J119: From EDL | K119: Total case count | L119: 2901 | M119: 3036 | N119: 3729 | O119: 3263 | P119: 3709 | Q119: 4006
L120: =(L119-L115)/L115 -> -0.023232323 | M120: =(M119-M115)/M115 -> -0.0084911822 | N120: =(N119-N115)/N115 -> -0.00080385852 | O120: =(O119-O115)/O115 -> 0.0006133088 | P120: =(P119-P115)/P115 -> -0.001615074 | Q120: =(Q119-Q115)/Q115 -> -0.0014955135
J123: Case count - Agency | L123: From Local POC | M123: EDL | N123: Validation
K124: Period | L124: Value | M124: Value | N124: Variance
K125: 46048 | L125: 2970 | M125: 2901 | N125: =(M125-L125)/L125 -> -0.023232323
K126: 46079 | L126: 3062 | M126: 3036 | N126: =(M126-L126)/L126 -> -0.0084911822
K127: 46107 | L127: 3732 | M127: 3729 | N127: =(M127-L127)/L127 -> -0.00080385852
K128: 46138 | L128: 3261 | M128: 3263 | N128: =(M128-L128)/L128 -> 0.0006133088
K129: 46168 | L129: 3715 | M129: 3709 | N129: =(M129-L129)/L129 -> -0.001615074
K130: 46199 | L130: 4012 | M130: 4006 | N130: =(M130-L130)/L130 -> -0.0014955135
I140: ID: | K140: Jan | L140: Feb | M140: Mar | N140: Apr | O140: May | P140: Jun | Q140: Jul
I141: Cheatsheet | J141: New recruits | K141: 618 | L141: 727 | M141: 816 | N141: 927 | O141: 934 | P141: 1097 | Q141: 1117
J142: # 6-90 | K142: 201 | L142: 145 | M142: 131 | N142: 111 | O142: 128 | P142: 150 | Q142: 147
M143: =M142/SUM(K141:M141) -> 0.060620083 | N143: =N142/SUM(L141:N141) -> 0.044939271 | O143: =O142/SUM(M141:O141) -> 0.047814718 | P143: =P142/SUM(N141:P141) -> 0.050709939 | Q143: =Q142/SUM(O141:Q141) -> 0.046696315
I145: ID: | K145: Jan | L145: Feb | M145: Mar | N145: Apr | O145: May | P145: Jun | Q145: Jul
I146: EDL | J146: New recruits | K146: 618 | L146: 727 | M146: 816 | N146: 927 | O146: 934 | P146: 1097 | Q146: 1118
J147: # 6-90 | K147: 30 | L147: 30 | M147: 33 | N147: 34 | O147: 37 | P147: 51 | Q147: 47
M148: =M147/SUM(K146:M146) -> 0.015270708 | N148: =N147/SUM(L146:N146) -> 0.013765182 | O148: =O147/SUM(M146:O146) -> 0.013821442 | P148: =P147/SUM(N146:P146) -> 0.017241379 | Q148: =Q147/SUM(O146:Q146) -> 0.014925373
I151: VN: | K151: Jan | L151: Feb | M151: Mar | N151: Apr | O151: May | P151: Jun | Q151: Jul
I152: Cheatsheet | J152: New recruits | K152: 227 | L152: 162 | M152: 602 | N152: 475 | O152: 489 | P152: 495 | Q152: 476
J153: # 6-90 | K153: 5 | L153: 15 | M153: 26 | N153: 30 | O153: 34 | P153: 44 | Q153: 50
M154: =M153/SUM(K152:M152) -> 0.026236125 | N154: =N153/SUM(L152:N152) -> 0.024213075 | O154: =O153/SUM(M152:O152) -> 0.021711367 | P154: =P153/SUM(N152:P152) -> 0.030157642 | Q154: =Q153/SUM(O152:Q152) -> 0.034246575
I156: VN: | K156: Jan | L156: Feb | M156: Mar | N156: Apr | O156: May | P156: Jun | Q156: Jul
I157: EDL | J157: New recruits | K157: 227 | L157: 162 | M157: 605 | N157: 475 | O157: 489 | P157: 495 | Q157: 476
J158: # 6-90 | K158: 9 | L158: 4 | M158: 3 | N158: 4 | O158: 4 | P158: 4 | Q158: 5
M159: =M158/SUM(K157:M157) -> 0.0030181087 | N159: =N158/SUM(L157:N157) -> 0.0032206119 | O159: =O158/SUM(M157:O157) -> 0.0025493945 | P159: =P158/SUM(N157:P157) -> 0.0027416038 | Q159: =Q158/SUM(O157:Q157) -> 0.0034246575

Sheet Sheet1
A2: Key | B2: BU | C2: ACCOUNT_ID | D2: ACCOUNT | E2: Source | G2: Key | H2: BU | I2: KPI_ID | J2: KPI_Name | K2: Source | P2: KPI_Name | Q2: KPI_ID
A3: =B3&C3 -> Hong KongAG0002 | B3: Hong Kong | C3: AG0002 | D3: Submitted APE | E3: =VLOOKUP(A3,G:K,5,FALSE) -> #N/A | G3: =H3&I3 -> Hong KongAG0016 | H3: Hong Kong | I3: AG0016 | J3: # of 1-Month Active Agents | K3: EDL | P3: # of 1-Month Active Agents | Q3: =VLOOKUP(P3,KPI_Mapping!B:G,6,FALSE) -> AG0016
A4: =B4&C4 -> Hong KongAG0016 | B4: Hong Kong | C4: AG0016 | D4: # of 1-Month Active Agents | E4: =VLOOKUP(A4,G:K,5,FALSE) -> EDL | G4: =H4&I4 -> Hong KongAG0020 | H4: Hong Kong | I4: AG0020 | J4: Net Case Count - Agency | K4: EDL | P4: Net Case Count - Agency | Q4: =VLOOKUP(P4,KPI_Mapping!B:G,6,FALSE) -> AG0020
A5: =B5&C5 -> Hong KongAG0016_1 | B5: Hong Kong | C5: AG0016_1 | D5: # of 1-Month Active Agents in 0-1M | E5: =VLOOKUP(A5,G:K,5,FALSE) -> #N/A | G5: =H5&I5 -> Hong KongAG0029 | H5: Hong Kong | I5: AG0029 | J5: Total agent headcount (end of period) | K5: EDL | P5: Total agent headcount (end of period) | Q5: =VLOOKUP(P5,KPI_Mapping!B:G,6,FALSE) -> AG0029
A6: =B6&C6 -> Hong KongAG0016_10 | B6: Hong Kong | C6: AG0016_10 | D6: # of 1-Month Active Agents in UM | E6: =VLOOKUP(A6,G:K,5,FALSE) -> #N/A | G6: =H6&I6 -> Hong KongAG0038 | H6: Hong Kong | I6: AG0038 | J6: New recruits | K6: EDL | P6: New recruits | Q6: =VLOOKUP(P6,KPI_Mapping!B:G,6,FALSE) -> AG0038
A7: =B7&C7 -> Hong KongAG0016_11 | B7: Hong Kong | C7: AG0016_11 | D7: # of 1-Month Active Agents in Leaders above UM | E7: =VLOOKUP(A7,G:K,5,FALSE) -> #N/A | G7: =H7&I7 -> Hong KongAG0041 | H7: Hong Kong | I7: AG0041 | J7: # of 6-90 agents | K7: EDL | P7: # of 6-90 agents | Q7: =VLOOKUP(P7,KPI_Mapping!B:G,6,FALSE) -> AG0041
A8: =B8&C8 -> Hong KongAG0016_12 | B8: Hong Kong | C8: AG0016_12 | D8: # of 1-Month Active Top-tier Agents | E8: =VLOOKUP(A8,G:K,5,FALSE) -> #N/A | G8: =H8&I8 -> Hong KongAG0043 | H8: Hong Kong | I8: AG0043 | J8: New Recruits 3M Activation # | K8: EDL | P8: New Recruits 3M Activation # | Q8: =VLOOKUP(P8,KPI_Mapping!B:G,6,FALSE) -> AG0043
A9: =B9&C9 -> Hong KongAG0016_12_1 | B9: Hong Kong | C9: AG0016_12_1 | D9: # of 1-Month Active Agents in pro-rated MDRT agents (>100% of pro-rated achievement) | E9: =VLOOKUP(A9,G:K,5,FALSE) -> #N/A | G9: =H9&I9 -> Hong KongAG0046 | H9: Hong Kong | I9: AG0046 | J9: No of Terminations | K9: EDL | P9: No of Terminations | Q9: =VLOOKUP(P9,KPI_Mapping!B:G,6,FALSE) -> AG0046
A10: =B10&C10 -> Hong KongAG0016_12_2 | B10: Hong Kong | C10: AG0016_12_2 | D10: # of 1-Month Active Agents in pro-rated MDRT agents (70-99% of pro-rated achievement) | E10: =VLOOKUP(A10,G:K,5,FALSE) -> #N/A | G10: =H10&I10 -> Hong KongAG0051 | H10: Hong Kong | I10: AG0051 | J10: Total # of Leaders (end of period) | K10: EDL | P10: Total # of Leaders (end of period) | Q10: =VLOOKUP(P10,KPI_Mapping!B:G,6,FALSE) -> AG0051
A11: =B11&C11 -> Hong KongAG0016_12_3 | B11: Hong Kong | C11: AG0016_12_3 | D11: # of 1-Month Active Agents in pro-rated MDRT agents (50-69% of pro-rated achievement) | E11: =VLOOKUP(A11,G:K,5,FALSE) -> #N/A | G11: =H11&I11 -> Hong KongAG0051_1 | H11: Hong Kong | I11: AG0051_1 | J11: Total # of Unit Managers | K11: EDL | P11: Total # of Unit Managers | Q11: =VLOOKUP(P11,KPI_Mapping!B:G,6,FALSE) -> AG0051_1
A12: =B12&C12 -> Hong KongAG0016_2 | B12: Hong Kong | C12: AG0016_2 | D12: # of 1-Month Active Agents in 2-3M | E12: =VLOOKUP(A12,G:K,5,FALSE) -> #N/A | G12: =H12&I12 -> Hong KongAG0051_2 | H12: Hong Kong | I12: AG0051_2 | J12: Total # of Leaders above Unit Manager level | K12: EDL | P12: Total # of Leaders above Unit Manager level | Q12: =VLOOKUP(P12,KPI_Mapping!B:G,6,FALSE) -> AG0051_2
A13: =B13&C13 -> Hong KongAG0016_3 | B13: Hong Kong | C13: AG0016_3 | D13: # of 1-Month Active Agents in 4-12M | E13: =VLOOKUP(A13,G:K,5,FALSE) -> #N/A | G13: =H13&I13 -> Hong KongAG0054 | H13: Hong Kong | I13: AG0054 | J13: Total # of Agents below Unit Manager level (end of period) | K13: Not Applicable | P13: Total # of Agents below Unit Manager level (end of period) | Q13: =VLOOKUP(P13,KPI_Mapping!B:G,6,FALSE) -> AG0054
A14: =B14&C14 -> Hong KongAG0016_4 | B14: Hong Kong | C14: AG0016_4 | D14: # of 1-Month Active Agents 13+M | E14: =VLOOKUP(A14,G:K,5,FALSE) -> #N/A | G14: =H14&I14 -> Hong KongAG0055 | H14: Hong Kong | I14: AG0055 | J14: # of Active Recruiting Leaders | K14: EDL | P14: # of Active Recruiting Leaders | Q14: =VLOOKUP(P14,KPI_Mapping!B:G,6,FALSE) -> AG0055
... A17: =B17&C17 -> Hong KongAG0018_1 | B17: Hong Kong | C17: AG0018_1 | D17: # of 3-Month Active Agents in 0-1M | E17: =VLOOKUP(A17,G:K,5,FALSE) -> #N/A | G17: =H17&I17 -> Hong KongAG0060_1 | H17: Hong Kong | I17: AG0060_1 | J17: # of Newly Promoted Leaders above UM | K17: EDL | P17: # of Newly Promoted Leaders above UM | Q17: =VLOOKUP(P17,KPI_Mapping!B:G,6,FALSE) -> AG0060_1
A18: =B18&C18 -> Hong KongAG0018_2 | B18: Hong Kong | C18: AG0018_2 | D18: # of 3-Month Active Agents in 2-3M | E18: =VLOOKUP(A18,G:K,5,FALSE) -> #N/A | G18: =H18&I18 -> #N/A | H18: Hong Kong | I18: #N/A | J18: # of Total Leader Promotions | K18: Anaplan Calculated | P18: # of Total Leader Promotions | Q18: =VLOOKUP(P18,KPI_Mapping!B:G,6,FALSE) -> #N/A
A19: =B19&C19 -> Hong KongAG0018_3 | B19: Hong Kong | C19: AG0018_3 | D19: # of 3-Month Active Agents in 4-12M | E19: =VLOOKUP(A19,G:K,5,FALSE) -> #N/A | G19: =H19&I19 -> Hong KongAG0072_1 | H19: Hong Kong | I19: AG0072_1 | J19: # of Newly Demoted UM | K19: EDL | P19: # of Newly Demoted UM | Q19: =VLOOKUP(P19,KPI_Mapping!B:G,6,FALSE) -> AG0072_1
A20: =B20&C20 -> Hong KongAG0018_4 | B20: Hong Kong | C20: AG0018_4 | D20: # of 3-Month Active Agents 13+M | E20: =VLOOKUP(A20,G:K,5,FALSE) -> #N/A | G20: =H20&I20 -> Hong KongAG0072_2 | H20: Hong Kong | I20: AG0072_2 | J20: # of Newly Demoted Leaders above UM | K20: EDL | P20: # of Newly Demoted Leaders above UM | Q20: =VLOOKUP(P20,KPI_Mapping!B:G,6,FALSE) -> AG0072_2
A21: =B21&C21 -> Hong KongAG0020 | B21: Hong Kong | C21: AG0020 | D21: Net Case Count - Agency | E21: =VLOOKUP(A21,G:K,5,FALSE) -> EDL | G21: =H21&I21 -> Hong KongAG0061 | H21: Hong Kong | I21: AG0061 | J21: New Leaders 3M Activation Rate (by cohort) | K21: EDL | P21: New Leaders 3M Activation Rate (by cohort) | Q21: =VLOOKUP(P21,KPI_Mapping!B:G,6,FALSE) -> AG0061
A22: =B22&C22 -> Hong KongAG0020_1 | B22: Hong Kong | C22: AG0020_1 | D22: Net Case Count - Agency in 0-1M | E22: =VLOOKUP(A22,G:K,5,FALSE) -> #N/A | G22: =H22&I22 -> Hong KongAG0061_1 | H22: Hong Kong | I22: AG0061_1 | J22: New Leaders 3M Activation Rate (by cohort) (numerator) | K22: EDL | P22: New Leaders 3M Activation Rate (by cohort) (numerator) | Q22: =VLOOKUP(P22,KPI_Mapping!B:G,6,FALSE) -> AG0061_1
A23: =B23&C23 -> Hong KongAG0020_10 | B23: Hong Kong | C23: AG0020_10 | D23: Net Case Count - Agency in UM | E23: =VLOOKUP(A23,G:K,5,FALSE) -> #N/A | G23: =H23&I23 -> Hong KongAG0061_2 | H23: Hong Kong | I23: AG0061_2 | J23: New Leaders 3M Activation Rate (by cohort) (denominator) | K23: EDL | P23: New Leaders 3M Activation Rate (by cohort) (denominator) | Q23: =VLOOKUP(P23,KPI_Mapping!B:G,6,FALSE) -> AG0061_2
A24: =B24&C24 -> Hong KongAG0020_11 | B24: Hong Kong | C24: AG0020_11 | D24: Net Case Count - Agency in Leaders above UM | E24: =VLOOKUP(A24,G:K,5,FALSE) -> #N/A | G24: =H24&I24 -> Hong KongAG0062 | H24: Hong Kong | I24: AG0062 | J24: # of pro-rated MDRT agents (100%) | K24: EDL | P24: # of pro-rated MDRT agents (100%) | Q24: =VLOOKUP(P24,KPI_Mapping!B:G,6,FALSE) -> AG0062
A25: =B25&C25 -> Hong KongAG0020_12 | B25: Hong Kong | C25: AG0020_12 | D25: Net Case Count - Agency in Top-tier Agents | E25: =VLOOKUP(A25,G:K,5,FALSE) -> #N/A | G25: =H25&I25 -> Hong KongAG0062_6 | H25: Hong Kong | I25: AG0062_6 | J25: # of pro-rated MDRT agents (70-99%) | K25: EDL | P25: # of pro-rated MDRT agents (70-99%) | Q25: =VLOOKUP(P25,KPI_Mapping!B:G,6,FALSE) -> AG0062_6
A26: =B26&C26 -> Hong KongAG0020_12_1 | B26: Hong Kong | C26: AG0020_12_1 | D26: Net Case Count - Agency in pro-rated MDRT agents (>100% of pro-rated achievement) | E26: =VLOOKUP(A26,G:K,5,FALSE) -> #N/A | G26: =H26&I26 -> Hong KongAG0062_7 | H26: Hong Kong | I26: AG0062_7 | J26: # of pro-rated MDRT agents (50-69%) | K26: EDL | P26: # of pro-rated MDRT agents (50-69%) | Q26: =VLOOKUP(P26,KPI_Mapping!B:G,6,FALSE) -> AG0062_7
A27: =B27&C27 -> Hong KongAG0020_12_2 | B27: Hong Kong | C27: AG0020_12_2 | D27: Net Case Count - Agency in pro-rated MDRT agents (70-99% of pro-rated achievement) | E27: =VLOOKUP(A27,G:K,5,FALSE) -> #N/A | G27: =H27&I27 -> Hong KongAG0062_8 | H27: Hong Kong | I27: AG0062_8 | J27: # of Top-tier agents | K27: EDL | P27: # of Top-tier agents | Q27: =VLOOKUP(P27,KPI_Mapping!B:G,6,FALSE) -> AG0062_8
A28: =B28&C28 -> Hong KongAG0020_12_3 | B28: Hong Kong | C28: AG0020_12_3 | D28: Net Case Count - Agency in pro-rated MDRT agents (50-69% of pro-rated achievement) | E28: =VLOOKUP(A28,G:K,5,FALSE) -> #N/A | G28: =H28&I28 -> Hong KongAG0073 | H28: Hong Kong | I28: AG0073 | J28: Manulife Pro Qualifiers - Total | K28: Manual Anaplan Input | P28: Manulife Pro Qualifiers - Total | Q28: =VLOOKUP(P28,KPI_Mapping!B:G,6,FALSE) -> AG0073
A29: =B29&C29 -> Hong KongAG0020_2 | B29: Hong Kong | C29: AG0020_2 | D29: Net Case Count - Agency in 2-3M | E29: =VLOOKUP(A29,G:K,5,FALSE) -> #N/A | G29: =H29&I29 -> IndonesiaAG0016 | H29: Indonesia | I29: AG0016 | J29: # of 1-Month Active Agents | K29: EDL
A30: =B30&C30 -> Hong KongAG0020_3 | B30: Hong Kong | C30: AG0020_3 | D30: Net Case Count - Agency in 4-12M | E30: =VLOOKUP(A30,G:K,5,FALSE) -> #N/A | G30: =H30&I30 -> IndonesiaAG0020 | H30: Indonesia | I30: AG0020 | J30: Net Case Count - Agency | K30: EDL
A31: =B31&C31 -> Hong KongAG0020_4 | B31: Hong Kong | C31: AG0020_4 | D31: Net Case Count - Agency 13+M | E31: =VLOOKUP(A31,G:K,5,FALSE) -> #N/A | G31: =H31&I31 -> IndonesiaAG0029 | H31: Indonesia | I31: AG0029 | J31: Total agent headcount (end of period) | K31: EDL
A32: =B32&C32 -> Hong KongAG0020_9 | B32: Hong Kong | C32: AG0020_9 | D32: Net Case Count - Agency in FA or equivalent | E32: =VLOOKUP(A32,G:K,5,FALSE) -> #N/A | G32: =H32&I32 -> IndonesiaAG0038 | H32: Indonesia | I32: AG0038 | J32: New recruits | K32: EDL
A33: =B33&C33 -> Hong KongAG0024 | B33: Hong Kong | C33: AG0024 | D33: No. of Sales Proposal Generated | E33: =VLOOKUP(A33,G:K,5,FALSE) -> #N/A | G33: =H33&I33 -> IndonesiaAG0041 | H33: Indonesia | I33: AG0041 | J33: # of 6-90 agents | K33: EDL
A34: =B34&C34 -> Hong KongAG0027 | B34: Hong Kong | C34: AG0027 | D34: $ APE from Agents in X tenure | E34: =VLOOKUP(A34,G:K,5,FALSE) -> #N/A | G34: =H34&I34 -> IndonesiaAG0043 | H34: Indonesia | I34: AG0043 | J34: New Recruits 3M Activation # | K34: EDL
A35: =B35&C35 -> Hong KongAG0027_1 | B35: Hong Kong | C35: AG0027_1 | D35: $ APE from Agents in X tenure in 0-1M | E35: =VLOOKUP(A35,G:K,5,FALSE) -> #N/A | G35: =H35&I35 -> IndonesiaAG0046 | H35: Indonesia | I35: AG0046 | J35: No of Terminations | K35: EDL
A36: =B36&C36 -> Hong KongAG0027_2 | B36: Hong Kong | C36: AG0027_2 | D36: $ APE from Agents in X tenure in 2-3M | E36: =VLOOKUP(A36,G:K,5,FALSE) -> #N/A | G36: =H36&I36 -> IndonesiaAG0051 | H36: Indonesia | I36: AG0051 | J36: Total # of Leaders (end of period) | K36: EDL
A37: =B37&C37 -> Hong KongAG0027_3 | B37: Hong Kong | C37: AG0027_3 | D37: $ APE from Agents in X tenure in 4-12M | E37: =VLOOKUP(A37,G:K,5,FALSE) -> #N/A | G37: =H37&I37 -> IndonesiaAG0051_1 | H37: Indonesia | I37: AG0051_1 | J37: Total # of Unit Managers | K37: EDL
A38: =B38&C38 -> Hong KongAG0027_4 | B38: Hong Kong | C38: AG0027_4 | D38: $ APE from Agents in X tenure 13+M | E38: =VLOOKUP(A38,G:K,5,FALSE) -> #N/A | G38: =H38&I38 -> IndonesiaAG0051_2 | H38: Indonesia | I38: AG0051_2 | J38: Total # of Leaders above Unit Manager level | K38: EDL
A39: =B39&C39 -> Hong KongAG0029 | B39: Hong Kong | C39: AG0029 | D39: Total agent headcount (end of period) | E39: =VLOOKUP(A39,G:K,5,FALSE) -> EDL | G39: =H39&I39 -> IndonesiaAG0054 | H39: Indonesia | I39: AG0054 | J39: Total # of Agents below Unit Manager level (end of period) | K39: Not Applicable
A40: =B40&C40 -> Hong KongAG0029_1 | B40: Hong Kong | C40: AG0029_1 | D40: Total agent headcount (end of period) in 0-1M | E40: =VLOOKUP(A40,G:K,5,FALSE) -> #N/A | G40: =H40&I40 -> IndonesiaAG0055 | H40: Indonesia | I40: AG0055 | J40: # of Active Recruiting Leaders | K40: EDL
... A43: =B43&C43 -> Hong KongAG0029_12 | B43: Hong Kong | C43: AG0029_12 | D43: Total agent headcount (end of period) in Top-tier Agents | E43: =VLOOKUP(A43,G:K,5,FALSE) -> #N/A | G43: =H43&I43 -> IndonesiaAG0060_1 | H43: Indonesia | I43: AG0060_1 | J43: # of Newly Promoted Leaders above UM | K43: EDL
A44: =B44&C44 -> Hong KongAG0029_12_1 | B44: Hong Kong | C44: AG0029_12_1 | D44: Total agent headcount (end of period) in pro-rated MDRT agents (>100% of pro-rated achievement) | E44: =VLOOKUP(A44,G:K,5,FALSE) -> #N/A | G44: =H44&I44 -> #N/A | H44: Indonesia | I44: #N/A | J44: # of Total Leader Promotions | K44: Anaplan Calculated
A45: =B45&C45 -> Hong KongAG0029_12_2 | B45: Hong Kong | C45: AG0029_12_2 | D45: Total agent headcount (end of period) in pro-rated MDRT agents (70-99% of pro-rated achievement) | E45: =VLOOKUP(A45,G:K,5,FALSE) -> #N/A | G45: =H45&I45 -> IndonesiaAG0072_1 | H45: Indonesia | I45: AG0072_1 | J45: # of Newly Demoted UM | K45: EDL
A46: =B46&C46 -> Hong KongAG0029_12_3 | B46: Hong Kong | C46: AG0029_12_3 | D46: Total agent headcount (end of period) in pro-rated MDRT agents (50-69% of pro-rated achievement) | E46: =VLOOKUP(A46,G:K,5,FALSE) -> #N/A | G46: =H46&I46 -> IndonesiaAG0072_2 | H46: Indonesia | I46: AG0072_2 | J46: # of Newly Demoted Leaders above UM | K46: EDL
A47: =B47&C47 -> Hong KongAG0029_2 | B47: Hong Kong | C47: AG0029_2 | D47: Total agent headcount (end of period) in 2-3M | E47: =VLOOKUP(A47,G:K,5,FALSE) -> #N/A | G47: =H47&I47 -> IndonesiaAG0061 | H47: Indonesia | I47: AG0061 | J47: New Leaders 3M Activation Rate (by cohort) | K47: EDL
A48: =B48&C48 -> Hong KongAG0029_3 | B48: Hong Kong | C48: AG0029_3 | D48: Total agent headcount (end of period) in 4-12M | E48: =VLOOKUP(A48,G:K,5,FALSE) -> #N/A | G48: =H48&I48 -> IndonesiaAG0061_1 | H48: Indonesia | I48: AG0061_1 | J48: New Leaders 3M Activation Rate (by cohort) (numerator) | K48: EDL
A49: =B49&C49 -> Hong KongAG0029_4 | B49: Hong Kong | C49: AG0029_4 | D49: Total agent headcount (end of period) 13+M | E49: =VLOOKUP(A49,G:K,5,FALSE) -> #N/A | G49: =H49&I49 -> IndonesiaAG0061_2 | H49: Indonesia | I49: AG0061_2 | J49: New Leaders 3M Activation Rate (by cohort) (denominator) | K49: EDL
A50: =B50&C50 -> Hong KongAG0029_9 | B50: Hong Kong | C50: AG0029_9 | D50: Total agent headcount (end of period) in FA or equivalent | E50: =VLOOKUP(A50,G:K,5,FALSE) -> #N/A | G50: =H50&I50 -> IndonesiaAG0062 | H50: Indonesia | I50: AG0062 | J50: # of pro-rated MDRT agents (100%) | K50: EDL
A51: =B51&C51 -> Hong KongAG0038 | B51: Hong Kong | C51: AG0038 | D51: New recruits | E51: =VLOOKUP(A51,G:K,5,FALSE) -> EDL | G51: =H51&I51 -> IndonesiaAG0062_6 | H51: Indonesia | I51: AG0062_6 | J51: # of pro-rated MDRT agents (70-99%) | K51: EDL
A52: =B52&C52 -> Hong KongAG0046 | B52: Hong Kong | C52: AG0046 | D52: No of Terminations | E52: =VLOOKUP(A52,G:K,5,FALSE) -> EDL | G52: =H52&I52 -> IndonesiaAG0062_7 | H52: Indonesia | I52: AG0062_7 | J52: # of pro-rated MDRT agents (50-69%) | K52: EDL
A53: =B53&C53 -> Hong KongAG0046_10 | B53: Hong Kong | C53: AG0046_10 | D53: No of Terminations in UM | E53: =VLOOKUP(A53,G:K,5,FALSE) -> #N/A | G53: =H53&I53 -> IndonesiaAG0062_8 | H53: Indonesia | I53: AG0062_8 | J53: # of Top-tier agents | K53: EDL
A54: =B54&C54 -> Hong KongAG0046_11 | B54: Hong Kong | C54: AG0046_11 | D54: No of Terminations in Leaders above UM | E54: =VLOOKUP(A54,G:K,5,FALSE) -> #N/A | G54: =H54&I54 -> IndonesiaAG0073 | H54: Indonesia | I54: AG0073 | J54: Manulife Pro Qualifiers - Total | K54: EDL
A55: =B55&C55 -> Hong KongAG0046_12 | B55: Hong Kong | C55: AG0046_12 | D55: No of Terminations in Top-tier Agents | E55: =VLOOKUP(A55,G:K,5,FALSE) -> #N/A | G55: =H55&I55 -> JapanAG0016 | H55: Japan | I55: AG0016 | J55: # of 1-Month Active Agents | K55: EDL
A56: =B56&C56 -> Hong KongAG0046_12_1 | B56: Hong Kong | C56: AG0046_12_1 | D56: No of Terminations in pro-rated MDRT agents (>100% of pro-rated achievement) | E56: =VLOOKUP(A56,G:K,5,FALSE) -> #N/A | G56: =H56&I56 -> JapanAG0020 | H56: Japan | I56: AG0020 | J56: Net Case Count - Agency | K56: EDL
... A69: =B69&C69 -> Hong KongAG0068_3 | B69: Hong Kong | C69: AG0068_3 | D69: $ APE from Top-tier agents | E69: =VLOOKUP(A69,G:K,5,FALSE) -> #N/A | G69: =H69&I69 -> JapanAG0060_1 | H69: Japan | I69: AG0060_1 | J69: # of Newly Promoted Leaders above UM | K69: Manual Anaplan Input
A70: =B70&C70 -> Hong KongAG0070 | B70: Hong Kong | C70: AG0070 | D70: # of MDRT qualifiers - YTD | E70: =VLOOKUP(A70,G:K,5,FALSE) -> #N/A | G70: =H70&I70 -> #N/A | H70: Japan | I70: #N/A | J70: # of Total Leader Promotions | K70: Anaplan Calculated
A71: =B71&C71 -> Hong KongAG0070_1 | B71: Hong Kong | C71: AG0070_1 | D71: # of MDRT COT qualifiers - YTD | E71: =VLOOKUP(A71,G:K,5,FALSE) -> #N/A | G71: =H71&I71 -> JapanAG0072_1 | H71: Japan | I71: AG0072_1 | J71: # of Newly Demoted UM | K71: Not Applicable
A72: =B72&C72 -> Hong KongAG0070_2 | B72: Hong Kong | C72: AG0070_2 | D72: # of MDRT TOT qualifiers - YTD | E72: =VLOOKUP(A72,G:K,5,FALSE) -> #N/A | G72: =H72&I72 -> JapanAG0072_2 | H72: Japan | I72: AG0072_2 | J72: # of Newly Demoted Leaders above UM | K72: Not Applicable
A73: =B73&C73 -> IndonesiaAG0016 | B73: Indonesia | C73: AG0016 | D73: # of 1-Month Active Agents | E73: =VLOOKUP(A73,G:K,5,FALSE) -> EDL | G73: =H73&I73 -> JapanAG0061 | H73: Japan | I73: AG0061 | J73: New Leaders 3M Activation Rate (by cohort) | K73: Not Applicable
A74: =B74&C74 -> VietnamAG0016 | B74: Vietnam | C74: AG0016 | D74: # of 1-Month Active Agents | E74: =VLOOKUP(A74,G:K,5,FALSE) -> EDL | G74: =H74&I74 -> JapanAG0061_1 | H74: Japan | I74: AG0061_1 | J74: New Leaders 3M Activation Rate (by cohort) (numerator) | K74: Not Applicable
A75: =B75&C75 -> VietnamAG0020 | B75: Vietnam | C75: AG0020 | D75: Net Case Count - Agency | E75: =VLOOKUP(A75,G:K,5,FALSE) -> EDL | G75: =H75&I75 -> JapanAG0061_2 | H75: Japan | I75: AG0061_2 | J75: New Leaders 3M Activation Rate (by cohort) (denominator) | K75: Not Applicable
A76: =B76&C76 -> VietnamAG0051 | B76: Vietnam | C76: AG0051 | D76: Total # of Leaders (end of period) | E76: =VLOOKUP(A76,G:K,5,FALSE) -> EDL | G76: =H76&I76 -> JapanAG0062 | H76: Japan | I76: AG0062 | J76: # of pro-rated MDRT agents (100%) | K76: EDL
A77: =B77&C77 -> SingaporeAG0051 | B77: Singapore | C77: AG0051 | D77: Total # of Leaders (end of period) | E77: =VLOOKUP(A77,G:K,5,FALSE) -> EDL | G77: =H77&I77 -> JapanAG0062_6 | H77: Japan | I77: AG0062_6 | J77: # of pro-rated MDRT agents (70-99%) | K77: EDL
A78: =B78&C78 -> IndonesiaAG0038 | B78: Indonesia | C78: AG0038 | D78: New recruits | E78: =VLOOKUP(A78,G:K,5,FALSE) -> EDL | G78: =H78&I78 -> JapanAG0062_7 | H78: Japan | I78: AG0062_7 | J78: # of pro-rated MDRT agents (50-69%) | K78: EDL
A79: =B79&C79 -> VietnamAG0038 | B79: Vietnam | C79: AG0038 | D79: New recruits | E79: =VLOOKUP(A79,G:K,5,FALSE) -> EDL | G79: =H79&I79 -> JapanAG0062_8 | H79: Japan | I79: AG0062_8 | J79: # of Top-tier agents | K79: EDL
A80: =B80&C80 -> VietnamAG0060 | B80: Vietnam | C80: AG0060 | D80: # of Newly Promoted UM | E80: =VLOOKUP(A80,G:K,5,FALSE) -> EDL | G80: =H80&I80 -> JapanAG0073 | H80: Japan | I80: AG0073 | J80: Manulife Pro Qualifiers - Total | K80: Manual Anaplan Input
A81: =B81&C81 -> VietnamAG0041 | B81: Vietnam | C81: AG0041 | D81: # of 6-90 agents | E81: =VLOOKUP(A81,G:K,5,FALSE) -> EDL | G81: =H81&I81 -> CambodiaAG0016 | H81: Cambodia | I81: AG0016 | J81: # of 1-Month Active Agents | K81: EDL
A82: =B82&C82 -> Hong KongAG0062 | B82: Hong Kong | C82: AG0062 | D82: # of pro-rated MDRT agents (100%) | E82: =VLOOKUP(A82,G:K,5,FALSE) -> EDL | G82: =H82&I82 -> CambodiaAG0020 | H82: Cambodia | I82: AG0020 | J82: Net Case Count - Agency | K82: EDL
... A95: =B95&C95 -> PhilippinesAG0020 | B95: Philippines | C95: AG0020 | D95: Net Case Count - Agency | E95: =VLOOKUP(A95,G:K,5,FALSE) -> EDL | G95: =H95&I95 -> CambodiaAG0060_1 | H95: Cambodia | I95: AG0060_1 | J95: # of Newly Promoted Leaders above UM | K95: EDL
A96: =B96&C96 -> PhilippinesAG0061 | B96: Philippines | C96: AG0061 | D96: New Leaders 3M Activation Rate (by cohort) | E96: =VLOOKUP(A96,G:K,5,FALSE) -> EDL | G96: =H96&I96 -> #N/A | H96: Cambodia | I96: #N/A | J96: # of Total Leader Promotions | K96: Anaplan Calculated
A97: =B97&C97 -> PhilippinesAG0061_1 | B97: Philippines | C97: AG0061_1 | D97: New Leaders 3M Activation Rate (by cohort) (numerator) | E97: =VLOOKUP(A97,G:K,5,FALSE) -> EDL | G97: =H97&I97 -> CambodiaAG0072_1 | H97: Cambodia | I97: AG0072_1 | J97: # of Newly Demoted UM | K97: EDL
A98: =B98&C98 -> PhilippinesAG0061_2 | B98: Philippines | C98: AG0061_2 | D98: New Leaders 3M Activation Rate (by cohort) (denominator) | E98: =VLOOKUP(A98,G:K,5,FALSE) -> EDL | G98: =H98&I98 -> CambodiaAG0072_2 | H98: Cambodia | I98: AG0072_2 | J98: # of Newly Demoted Leaders above UM | K98: EDL
A99: =B99&C99 -> PhilippinesAG0072_1 | B99: Philippines | C99: AG0072_1 | D99: # of Newly Demoted UM | E99: =VLOOKUP(A99,G:K,5,FALSE) -> EDL | G99: =H99&I99 -> CambodiaAG0061 | H99: Cambodia | I99: AG0061 | J99: New Leaders 3M Activation Rate (by cohort) | K99: EDL
A100: =B100&C100 -> PhilippinesAG0072_2 | B100: Philippines | C100: AG0072_2 | D100: # of Newly Demoted Leaders above UM | E100: =VLOOKUP(A100,G:K,5,FALSE) -> EDL | G100: =H100&I100 -> CambodiaAG0061_1 | H100: Cambodia | I100: AG0061_1 | J100: New Leaders 3M Activation Rate (by cohort) (numerator) | K100: EDL
A101: =B101&C101 -> PhilippinesAG0046 | B101: Philippines | C101: AG0046 | D101: No of Terminations | E101: =VLOOKUP(A101,G:K,5,FALSE) -> EDL | G101: =H101&I101 -> CambodiaAG0061_2 | H101: Cambodia | I101: AG0061_2 | J101: New Leaders 3M Activation Rate (by cohort) (denominator) | K101: EDL
A102: =B102&C102 -> PhilippinesAG0055 | B102: Philippines | C102: AG0055 | D102: # of Active Recruiting Leaders | E102: =VLOOKUP(A102,G:K,5,FALSE) -> EDL | G102: =H102&I102 -> CambodiaAG0062 | H102: Cambodia | I102: AG0062 | J102: # of pro-rated MDRT agents (100%) | K102: EDL
A103: =B103&C103 -> PhilippinesAG0055_1 | B103: Philippines | C103: AG0055_1 | D103: # of leaders with >1 YTD recruit | E103: =VLOOKUP(A103,G:K,5,FALSE) -> EDL | G103: =H103&I103 -> CambodiaAG0062_6 | H103: Cambodia | I103: AG0062_6 | J103: # of pro-rated MDRT agents (70-99%) | K103: EDL
A104: =B104&C104 -> PhilippinesAG0060 | B104: Philippines | C104: AG0060 | D104: # of Newly Promoted UM | E104: =VLOOKUP(A104,G:K,5,FALSE) -> EDL | G104: =H104&I104 -> CambodiaAG0062_7 | H104: Cambodia | I104: AG0062_7 | J104: # of pro-rated MDRT agents (50-69%) | K104: EDL
A105: =B105&C105 -> PhilippinesAG0051 | B105: Philippines | C105: AG0051 | D105: Total # of Leaders (end of period) | E105: =VLOOKUP(A105,G:K,5,FALSE) -> EDL | G105: =H105&I105 -> CambodiaAG0062_8 | H105: Cambodia | I105: AG0062_8 | J105: # of Top-tier agents | K105: EDL
A106: =B106&C106 -> PhilippinesAG0043 | B106: Philippines | C106: AG0043 | D106: New Recruits 3M Activation # | E106: =VLOOKUP(A106,G:K,5,FALSE) -> EDL | G106: =H106&I106 -> CambodiaAG0073 | H106: Cambodia | I106: AG0073 | J106: Manulife Pro Qualifiers - Total | K106: Not Applicable
A107: =B107&C107 -> PhilippinesAG0041 | B107: Philippines | C107: AG0041 | D107: # of 6-90 agents | E107: =VLOOKUP(A107,G:K,5,FALSE) -> EDL | G107: =H107&I107 -> MyanmarAG0016 | H107: Myanmar | I107: AG0016 | J107: # of 1-Month Active Agents | K107: EDL
A108: =B108&C108 -> PhilippinesAG0038 | B108: Philippines | C108: AG0038 | D108: New recruits | E108: =VLOOKUP(A108,G:K,5,FALSE) -> EDL | G108: =H108&I108 -> MyanmarAG0020 | H108: Myanmar | I108: AG0020 | J108: Net Case Count - Agency | K108: EDL
... A121: =B121&C121 -> ChinaAG0016 | B121: China | C121: AG0016 | D121: # of 1-Month Active Agents | E121: =VLOOKUP(A121,G:K,5,FALSE) -> EDL | G121: =H121&I121 -> MyanmarAG0060_1 | H121: Myanmar | I121: AG0060_1 | J121: # of Newly Promoted Leaders above UM | K121: EDL
A122: =B122&C122 -> ChinaAG0043 | B122: China | C122: AG0043 | D122: New Recruits 3M Activation # | E122: =VLOOKUP(A122,G:K,5,FALSE) -> Manual Anaplan Input | G122: =H122&I122 -> #N/A | H122: Myanmar | I122: #N/A | J122: # of Total Leader Promotions | K122: Anaplan Calculated
A123: =B123&C123 -> ChinaAG0055 | B123: China | C123: AG0055 | D123: # of Active Recruiting Leaders | E123: =VLOOKUP(A123,G:K,5,FALSE) -> EDL | G123: =H123&I123 -> MyanmarAG0072_1 | H123: Myanmar | I123: AG0072_1 | J123: # of Newly Demoted UM | K123: EDL
A124: =B124&C124 -> CambodiaAG0051 | B124: Cambodia | C124: AG0051 | D124: Total # of Leaders (end of period) | E124: =VLOOKUP(A124,G:K,5,FALSE) -> EDL | G124: =H124&I124 -> MyanmarAG0072_2 | H124: Myanmar | I124: AG0072_2 | J124: # of Newly Demoted Leaders above UM | K124: EDL
A125: =B125&C125 -> CambodiaAG0016 | B125: Cambodia | C125: AG0016 | D125: # of 1-Month Active Agents | E125: =VLOOKUP(A125,G:K,5,FALSE) -> EDL | G125: =H125&I125 -> MyanmarAG0061 | H125: Myanmar | I125: AG0061 | J125: New Leaders 3M Activation Rate (by cohort) | K125: EDL
A126: =B126&C126 -> ChinaAG0060 | B126: China | C126: AG0060 | D126: # of Newly Promoted UM | E126: =VLOOKUP(A126,G:K,5,FALSE) -> Manual Anaplan Input | G126: =H126&I126 -> MyanmarAG0061_1 | H126: Myanmar | I126: AG0061_1 | J126: New Leaders 3M Activation Rate (by cohort) (numerator) | K126: EDL
A127: =B127&C127 -> ChinaAG0060_1 | B127: China | C127: AG0060_1 | D127: # of Newly Promoted Leaders above UM | E127: =VLOOKUP(A127,G:K,5,FALSE) -> Manual Anaplan Input | G127: =H127&I127 -> MyanmarAG0061_2 | H127: Myanmar | I127: AG0061_2 | J127: New Leaders 3M Activation Rate (by cohort) (denominator) | K127: EDL
A128: =B128&C128 -> JapanAG0060 | B128: Japan | C128: AG0060 | D128: # of Newly Promoted UM | E128: =VLOOKUP(A128,G:K,5,FALSE) -> Manual Anaplan Input | G128: =H128&I128 -> MyanmarAG0062 | H128: Myanmar | I128: AG0062 | J128: # of pro-rated MDRT agents (100%) | K128: EDL
A129: =B129&C129 -> JapanAG0060_1 | B129: Japan | C129: AG0060_1 | D129: # of Newly Promoted Leaders above UM | E129: =VLOOKUP(A129,G:K,5,FALSE) -> Manual Anaplan Input | G129: =H129&I129 -> MyanmarAG0062_6 | H129: Myanmar | I129: AG0062_6 | J129: # of pro-rated MDRT agents (70-99%) | K129: EDL
A130: =B130&C130 -> ChinaAG0046 | B130: China | C130: AG0046 | D130: No of Terminations | E130: =VLOOKUP(A130,G:K,5,FALSE) -> Manual Anaplan Input | G130: =H130&I130 -> MyanmarAG0062_7 | H130: Myanmar | I130: AG0062_7 | J130: # of pro-rated MDRT agents (50-69%) | K130: EDL
A131: =B131&C131 -> CambodiaAG0020 | B131: Cambodia | C131: AG0020 | D131: Net Case Count - Agency | E131: =VLOOKUP(A131,G:K,5,FALSE) -> EDL | G131: =H131&I131 -> MyanmarAG0062_8 | H131: Myanmar | I131: AG0062_8 | J131: # of Top-tier agents | K131: EDL
A132: =B132&C132 -> VietnamAG0060_1 | B132: Vietnam | C132: AG0060_1 | D132: # of Newly Promoted Leaders above UM | E132: =VLOOKUP(A132,G:K,5,FALSE) -> EDL | G132: =H132&I132 -> MyanmarAG0073 | H132: Myanmar | I132: AG0073 | J132: Manulife Pro Qualifiers - Total | K132: Not Applicable
G133: =H133&I133 -> MalaysiaAG0016 | H133: Malaysia | I133: AG0016 | J133: # of 1-Month Active Agents | K133: EDL
G134: =H134&I134 -> MalaysiaAG0020 | H134: Malaysia | I134: AG0020 | J134: Net Case Count - Agency | K134: EDL
G135: =H135&I135 -> MalaysiaAG0029 | H135: Malaysia | I135: AG0029 | J135: Total agent headcount (end of period) | K135: EDL
G136: =H136&I136 -> MalaysiaAG0038 | H136: Malaysia | I136: AG0038 | J136: New recruits | K136: EDL
G137: =H137&I137 -> MalaysiaAG0041 | H137: Malaysia | I137: AG0041 | J137: # of 6-90 agents | K137: EDL
G138: =H138&I138 -> MalaysiaAG0043 | H138: Malaysia | I138: AG0043 | J138: New Recruits 3M Activation # | K138: EDL
B139: BU | C139: ACCOUNT_ID | D139: ACCOUNT | E139: Source | G139: =H139&I139 -> MalaysiaAG0046 | H139: Malaysia | I139: AG0046 | J139: No of Terminations | K139: EDL
B140: Hong Kong | C140: AG0073 | D140: Manulife Pro Qualifiers - Total | E140: Not Automated | G140: =H140&I140 -> MalaysiaAG0051 | H140: Malaysia | I140: AG0051 | J140: Total # of Leaders (end of period) | K140: EDL
B141: China | C141: AG0043 | D141: New Recruits 3M Activation # | E141: Not Automated | G141: =H141&I141 -> MalaysiaAG0051_1 | H141: Malaysia | I141: AG0051_1 | J141: Total # of Unit Managers | K141: EDL
...

Sheet Sheet3
C18: PERIOD | D18: BU_CODE | E18: BU | F18: CHANNEL_CODE | G18: DISTRIBUTION_CHANNEL | H18: ACCOUNT | I18: ACCOUNT_ID | J18: MODE | K18: VALUE | N18: PERIOD | O18: BU_CODE | P18: BU | Q18: CHANNEL_CODE | R18: DISTRIBUTION_CHANNEL | S18: ACCOUNT | T18: ACCOUNT_ID | U18: MODE | V18: VALUE
C19: 46053 | D19: SG | E19: Singapore | F19: SG-MFA | G19: MFA | H19: # of Newly Promoted UM | I19: AG0060 | J19: M1 | K19: 7 | N19: 46053 | O19: SG | P19: Singapore | Q19: SG-MFA | R19: MFA | S19: # of Newly Promoted Leaders above UM | T19: AG0060_1 | U19: M1 | V19: 1
C20: 46053 | D20: SG | E20: Singapore | F20: SG-MAG | G20: MAG | H20: # of Newly Promoted UM | I20: AG0060 | J20: M1 | K20: 2 | N20: 46053 | O20: SG | P20: Singapore | Q20: SG-MAG | R20: MAG | S20: # of Newly Promoted Leaders above UM | T20: AG0060_1 | U20: M1 | V20: 1
C21: 46081 | D21: SG | E21: Singapore | F21: SG-MAG | G21: MAG | H21: # of Newly Promoted UM | I21: AG0060 | J21: M1 | K21: 1 | N21: 46081 | O21: SG | P21: Singapore | Q21: SG-MAG | R21: MAG | S21: # of Newly Promoted Leaders above UM | T21: AG0060_1 | U21: M1 | V21: 0
C22: 46081 | D22: SG | E22: Singapore | F22: SG-MFA | G22: MFA | H22: # of Newly Promoted UM | I22: AG0060 | J22: M1 | K22: 1 | N22: 46081 | O22: SG | P22: Singapore | Q22: SG-MFA | R22: MFA | S22: # of Newly Promoted Leaders above UM | T22: AG0060_1 | U22: M1 | V22: 0
C23: 46112 | D23: SG | E23: Singapore | F23: SG-MFA | G23: MFA | H23: # of Newly Promoted UM | I23: AG0060 | J23: M1 | K23: 0 | N23: 46112 | O23: SG | P23: Singapore | Q23: SG-MAG | R23: MAG | S23: # of Newly Promoted Leaders above UM | T23: AG0060_1 | U23: M1 | V23: 0
C24: 46112 | D24: SG | E24: Singapore | F24: SG-MAG | G24: MAG | H24: # of Newly Promoted UM | I24: AG0060 | J24: M1 | K24: 0 | N24: 46112 | O24: SG | P24: Singapore | Q24: SG-MFA | R24: MFA | S24: # of Newly Promoted Leaders above UM | T24: AG0060_1 | U24: M1 | V24: 0
C25: 46142 | D25: SG | E25: Singapore | F25: SG-MFA | G25: MFA | H25: # of Newly Promoted UM | I25: AG0060 | J25: M1 | K25: 0 | N25: 46142 | O25: SG | P25: Singapore | Q25: SG-MAG | R25: MAG | S25: # of Newly Promoted Leaders above UM | T25: AG0060_1 | U25: M1 | V25: 0
C26: 46142 | D26: SG | E26: Singapore | F26: SG-MAG | G26: MAG | H26: # of Newly Promoted UM | I26: AG0060 | J26: M1 | K26: 1 | N26: 46142 | O26: SG | P26: Singapore | Q26: SG-MFA | R26: MFA | S26: # of Newly Promoted Leaders above UM | T26: AG0060_1 | U26: M1 | V26: 0
C27: 46173 | D27: SG | E27: Singapore | F27: SG-MAG | G27: MAG | H27: # of Newly Promoted UM | I27: AG0060 | J27: M1 | K27: 0 | N27: 46173 | O27: SG | P27: Singapore | Q27: SG-MAG | R27: MAG | S27: # of Newly Promoted Leaders above UM | T27: AG0060_1 | U27: M1 | V27: 0
C28: 46173 | D28: SG | E28: Singapore | F28: SG-MFA | G28: MFA | H28: # of Newly Promoted UM | I28: AG0060 | J28: M1 | K28: 2 | N28: 46173 | O28: SG | P28: Singapore | Q28: SG-MFA | R28: MFA | S28: # of Newly Promoted Leaders above UM | T28: AG0060_1 | U28: M1 | V28: 0
C29: 46203 | D29: SG | E29: Singapore | F29: SG-MAG | G29: MAG | H29: # of Newly Promoted UM | I29: AG0060 | J29: M1 | K29: 2 | N29: 46203 | O29: SG | P29: Singapore | Q29: SG-MFA | R29: MFA | S29: # of Newly Promoted Leaders above UM | T29: AG0060_1 | U29: M1 | V29: 1
C30: 46203 | D30: SG | E30: Singapore | F30: SG-MFA | G30: MFA | H30: # of Newly Promoted UM | I30: AG0060 | J30: M1 | K30: 1 | N30: 46203 | O30: SG | P30: Singapore | Q30: SG-MAG | R30: MAG | S30: # of Newly Promoted Leaders above UM | T30: AG0060_1 | U30: M1 | V30: 0
... C32: 46234 | D32: SG | E32: Singapore | F32: SG-MFA | G32: MFA | H32: # of Newly Promoted UM | I32: AG0060 | J32: M1 | K32: 3 | N32: 46234 | O32: SG | P32: Singapore | Q32: SG-MAG | R32: MAG | S32: # of Newly Promoted Leaders above UM | T32: AG0060_1 | U32: M1 | V32: 0
J39: =148/212 -> 0.69811321
F43: =160/2088 -> 0.076628352

Sheet KPI_Mapping
B1: anaplan_metric | D1: edl_metric | F1: pbi_metric | G1: Account_id
B2: Submitted APE | D2: Submitted APE | F2: Submitted APE | G2: AG0002
B3: # of 1-Month Active Agents | D3: # of 1-Month Active Agents | F3: # of 1-Month Active Agents | G3: AG0016
B4: # of 1-Month Active Agents in 0-1M | D4: # of 1-Month Active Agents in 0-1M | F4: # of 1-Month Active Agents in 0-1M | G4: AG0016_1
B5: # of 1-Month Active Agents in 2-3M | D5: # of 1-Month Active Agents in 2-3M | F5: # of 1-Month Active Agents in 2-3M | G5: AG0016_2
B6: # of 1-Month Active Agents in 4-12M | D6: # of 1-Month Active Agents in 4-12M | F6: # of 1-Month Active Agents in 4-12M | G6: AG0016_3
B7: # of 1-Month Active Agents 13+M | D7: # of 1-Month Active Agents 13+M | F7: # of 1-Month Active Agents 13+M | G7: AG0016_4
B8: # of 1-Month Active Agents in FA or equivalent | D8: # of 1-Month Active Agents in FA or equivalent | F8: # of 1-Month Active Agents in FA or equivalent | G8: AG0016_9
B9: # of 1-Month Active Agents in UM | D9: # of 1-Month Active Agents in UM | F9: # of 1-Month Active Agents in UM | G9: AG0016_10
B10: # of 1-Month Active Agents in Leaders above UM | D10: # of 1-Month Active Agents in Leaders above UM | F10: # of 1-Month Active Agents in Leaders above UM | G10: AG0016_11
B11: # of 1-Month Active Top-tier Agents | D11: # of 1-Month Active Top-tier Agents | F11: # of 1-Month Active Top-tier Agents | G11: AG0016_12
B12: # of 1-Month Active Agents in pro-rated MDRT agents (>100%) | D12: # of 1-Month Active Agents in pro-rated MDRT agents (>100% of pro-rated achievement) | F12: # of 1-Month Active Agents in pro-rated MDRT agents (>100%) | G12: AG0016_12_1
... B110: $ APE from Manulife Pro - Total | D110: $ APE from Manulife Pro - Total | F110: $ APE from Manulife Pro - Total | G110: AG0077
